<?xml version='1.0' encoding='UTF-8'?>
<?artifactRepository version='1.1.0'?>
<repository name='file:/home/travis/build/spotbugs/spotbugs/eclipsePlugin/build/site/eclipse/ - artifacts' type='org.eclipse.equinox.p2.artifact.repository.simpleRepository' version='1'>
  <properties size='2'>
    <property name='p2.timestamp' value='1548062149483'/>
    <property name='p2.compressed' value='false'/>
  </properties>
  <mappings size='3'>
    <rule filter='(&amp; (classifier=osgi.bundle))' output='${repoUrl}/plugins/${id}_${version}.jar'/>
    <rule filter='(&amp; (classifier=binary))' output='${repoUrl}/binary/${id}_${version}'/>
    <rule filter='(&amp; (classifier=org.eclipse.update.feature))' output='${repoUrl}/features/${id}_${version}.jar'/>
  </mappings>
  <artifacts size='2'>
    <artifact classifier='osgi.bundle' id='com.github.spotbugs.plugin.eclipse' version='3.1.11.r201901210915-d4a1331'>
      <properties size='3'>
        <property name='artifact.size' value='5597385'/>
        <property name='download.size' value='5597385'/>
        <property name='download.md5' value='f70a31dd2d99209a71b6ba44b82ff2a9'/>
      </properties>
    </artifact>
    <artifact classifier='org.eclipse.update.feature' id='com.github.spotbugs.plugin.eclipse' version='3.1.11.r201901210915-d4a1331'>
      <properties size='4'>
        <property name='artifact.size' value='7965'/>
        <property name='download.size' value='7965'/>
        <property name='download.md5' value='92b0af8372962b26e3394ceb1edcaf8a'/>
        <property name='download.contentType' value='application/zip'/>
      </properties>
    </artifact>
  </artifacts>
</repository>
