<?xml version='1.0' encoding='UTF-8'?>
<?metadataRepository version='1.1.0'?>
<repository name='file:/home/travis/build/spotbugs/spotbugs/eclipsePlugin/build/site/eclipse/ - metadata' type='org.eclipse.equinox.internal.p2.metadata.repository.LocalMetadataRepository' version='1'>
  <properties size='2'>
    <property name='p2.timestamp' value='1548062149485'/>
    <property name='p2.compressed' value='false'/>
  </properties>
  <references size='2'>
    <repository uri='https://spotbugs.github.io/eclipse/' url='https://spotbugs.github.io/eclipse/' type='1' options='0'/>
    <repository uri='https://spotbugs.github.io/eclipse/' url='https://spotbugs.github.io/eclipse/' type='0' options='0'/>
  </references>
  <units size='4'>
    <unit id='com.github.spotbugs.plugin.eclipse' version='3.1.11.r201901210915-d4a1331'>
      <update id='com.github.spotbugs.plugin.eclipse' range='[0.0.0,3.1.11.r201901210915-d4a1331)' severity='0'/>
      <properties size='2'>
        <property name='org.eclipse.equinox.p2.name' value='SpotBugs'/>
        <property name='org.eclipse.equinox.p2.provider' value='SpotBugs Project'/>
      </properties>
      <provides size='87'>
        <provided namespace='org.eclipse.equinox.p2.iu' name='com.github.spotbugs.plugin.eclipse' version='3.1.11.r201901210915-d4a1331'/>
        <provided namespace='osgi.bundle' name='com.github.spotbugs.plugin.eclipse' version='3.1.11.r201901210915-d4a1331'/>
        <provided namespace='java.package' name='de.tobject.findbugs' version='0.0.0'/>
        <provided namespace='java.package' name='de.tobject.findbugs.actions' version='0.0.0'/>
        <provided namespace='java.package' name='de.tobject.findbugs.adapters' version='0.0.0'/>
        <provided namespace='java.package' name='de.tobject.findbugs.builder' version='0.0.0'/>
        <provided namespace='java.package' name='de.tobject.findbugs.classify' version='0.0.0'/>
        <provided namespace='java.package' name='de.tobject.findbugs.decorators' version='0.0.0'/>
        <provided namespace='java.package' name='de.tobject.findbugs.io' version='0.0.0'/>
        <provided namespace='java.package' name='de.tobject.findbugs.marker' version='0.0.0'/>
        <provided namespace='java.package' name='de.tobject.findbugs.nature' version='0.0.0'/>
        <provided namespace='java.package' name='de.tobject.findbugs.preferences' version='0.0.0'/>
        <provided namespace='java.package' name='de.tobject.findbugs.properties' version='0.0.0'/>
        <provided namespace='java.package' name='de.tobject.findbugs.reporter' version='0.0.0'/>
        <provided namespace='java.package' name='de.tobject.findbugs.util' version='0.0.0'/>
        <provided namespace='java.package' name='de.tobject.findbugs.view' version='0.0.0'/>
        <provided namespace='java.package' name='de.tobject.findbugs.view.explorer' version='0.0.0'/>
        <provided namespace='java.package' name='de.tobject.findbugs.view.properties' version='0.0.0'/>
        <provided namespace='java.package' name='de.tobject.findbugs.wizards' version='0.0.0'/>
        <provided namespace='java.package' name='edu.umd.cs.findbugs' version='0.0.0'/>
        <provided namespace='java.package' name='edu.umd.cs.findbugs.annotations' version='0.0.0'/>
        <provided namespace='java.package' name='edu.umd.cs.findbugs.asm' version='0.0.0'/>
        <provided namespace='java.package' name='edu.umd.cs.findbugs.ba' version='0.0.0'/>
        <provided namespace='java.package' name='edu.umd.cs.findbugs.ba.bcp' version='0.0.0'/>
        <provided namespace='java.package' name='edu.umd.cs.findbugs.ba.ca' version='0.0.0'/>
        <provided namespace='java.package' name='edu.umd.cs.findbugs.ba.ch' version='0.0.0'/>
        <provided namespace='java.package' name='edu.umd.cs.findbugs.ba.constant' version='0.0.0'/>
        <provided namespace='java.package' name='edu.umd.cs.findbugs.ba.deref' version='0.0.0'/>
        <provided namespace='java.package' name='edu.umd.cs.findbugs.ba.generic' version='0.0.0'/>
        <provided namespace='java.package' name='edu.umd.cs.findbugs.ba.heap' version='0.0.0'/>
        <provided namespace='java.package' name='edu.umd.cs.findbugs.ba.interproc' version='0.0.0'/>
        <provided namespace='java.package' name='edu.umd.cs.findbugs.ba.jsr305' version='0.0.0'/>
        <provided namespace='java.package' name='edu.umd.cs.findbugs.ba.npe' version='0.0.0'/>
        <provided namespace='java.package' name='edu.umd.cs.findbugs.ba.obl' version='0.0.0'/>
        <provided namespace='java.package' name='edu.umd.cs.findbugs.ba.type' version='0.0.0'/>
        <provided namespace='java.package' name='edu.umd.cs.findbugs.ba.vna' version='0.0.0'/>
        <provided namespace='java.package' name='edu.umd.cs.findbugs.bcel' version='0.0.0'/>
        <provided namespace='java.package' name='edu.umd.cs.findbugs.bcel.generic' version='0.0.0'/>
        <provided namespace='java.package' name='edu.umd.cs.findbugs.bugReporter' version='0.0.0'/>
        <provided namespace='java.package' name='edu.umd.cs.findbugs.bytecode' version='0.0.0'/>
        <provided namespace='java.package' name='edu.umd.cs.findbugs.charsets' version='0.0.0'/>
        <provided namespace='java.package' name='edu.umd.cs.findbugs.classfile' version='0.0.0'/>
        <provided namespace='java.package' name='edu.umd.cs.findbugs.classfile.analysis' version='0.0.0'/>
        <provided namespace='java.package' name='edu.umd.cs.findbugs.classfile.engine' version='0.0.0'/>
        <provided namespace='java.package' name='edu.umd.cs.findbugs.classfile.engine.asm' version='0.0.0'/>
        <provided namespace='java.package' name='edu.umd.cs.findbugs.classfile.engine.bcel' version='0.0.0'/>
        <provided namespace='java.package' name='edu.umd.cs.findbugs.classfile.impl' version='0.0.0'/>
        <provided namespace='java.package' name='edu.umd.cs.findbugs.config' version='0.0.0'/>
        <provided namespace='java.package' name='edu.umd.cs.findbugs.detect' version='0.0.0'/>
        <provided namespace='java.package' name='edu.umd.cs.findbugs.filter' version='0.0.0'/>
        <provided namespace='java.package' name='edu.umd.cs.findbugs.graph' version='0.0.0'/>
        <provided namespace='java.package' name='edu.umd.cs.findbugs.internalAnnotations' version='0.0.0'/>
        <provided namespace='java.package' name='edu.umd.cs.findbugs.io' version='0.0.0'/>
        <provided namespace='java.package' name='edu.umd.cs.findbugs.jaif' version='0.0.0'/>
        <provided namespace='java.package' name='edu.umd.cs.findbugs.log' version='0.0.0'/>
        <provided namespace='java.package' name='edu.umd.cs.findbugs.model' version='0.0.0'/>
        <provided namespace='java.package' name='edu.umd.cs.findbugs.plan' version='0.0.0'/>
        <provided namespace='java.package' name='edu.umd.cs.findbugs.plugin.eclipse.quickfix' version='0.0.0'/>
        <provided namespace='java.package' name='edu.umd.cs.findbugs.plugin.eclipse.quickfix.exception' version='0.0.0'/>
        <provided namespace='java.package' name='edu.umd.cs.findbugs.plugin.eclipse.quickfix.util' version='0.0.0'/>
        <provided namespace='java.package' name='edu.umd.cs.findbugs.plugin.eclipse.util' version='0.0.0'/>
        <provided namespace='java.package' name='edu.umd.cs.findbugs.plugins' version='0.0.0'/>
        <provided namespace='java.package' name='edu.umd.cs.findbugs.props' version='0.0.0'/>
        <provided namespace='java.package' name='edu.umd.cs.findbugs.sourceViewer' version='0.0.0'/>
        <provided namespace='java.package' name='edu.umd.cs.findbugs.util' version='0.0.0'/>
        <provided namespace='java.package' name='edu.umd.cs.findbugs.visitclass' version='0.0.0'/>
        <provided namespace='java.package' name='edu.umd.cs.findbugs.workflow' version='0.0.0'/>
        <provided namespace='java.package' name='edu.umd.cs.findbugs.xml' version='0.0.0'/>
        <provided namespace='java.package' name='javax.annotation' version='0.0.0'/>
        <provided namespace='java.package' name='javax.annotation.concurrent' version='0.0.0'/>
        <provided namespace='java.package' name='javax.annotation.meta' version='0.0.0'/>
        <provided namespace='java.package' name='org.apache.bcel' version='0.0.0'/>
        <provided namespace='java.package' name='org.apache.bcel.classfile' version='0.0.0'/>
        <provided namespace='java.package' name='org.apache.bcel.generic' version='0.0.0'/>
        <provided namespace='java.package' name='org.apache.bcel.util' version='0.0.0'/>
        <provided namespace='java.package' name='org.apache.bcel.verifier' version='0.0.0'/>
        <provided namespace='java.package' name='org.apache.bcel.verifier.exc' version='0.0.0'/>
        <provided namespace='java.package' name='org.apache.bcel.verifier.statics' version='0.0.0'/>
        <provided namespace='java.package' name='org.apache.bcel.verifier.structurals' version='0.0.0'/>
        <provided namespace='java.package' name='org.dom4j' version='0.0.0'/>
        <provided namespace='java.package' name='org.objectweb.asm' version='0.0.0'/>
        <provided namespace='java.package' name='org.objectweb.asm.commons' version='0.0.0'/>
        <provided namespace='java.package' name='org.objectweb.asm.signature' version='0.0.0'/>
        <provided namespace='java.package' name='org.objectweb.asm.tree' version='0.0.0'/>
        <provided namespace='java.package' name='org.objectweb.asm.tree.analysis' version='0.0.0'/>
        <provided namespace='java.package' name='org.objectweb.asm.util' version='0.0.0'/>
        <provided namespace='org.eclipse.equinox.p2.eclipse.type' name='bundle' version='1.0.0'/>
      </provides>
      <requires size='25'>
        <required namespace='osgi.bundle' name='org.eclipse.ui.workbench.texteditor' range='0.0.0'/>
        <required namespace='osgi.bundle' name='org.eclipse.ui' range='0.0.0'/>
        <required namespace='osgi.bundle' name='org.eclipse.ant.core' range='0.0.0'/>
        <required namespace='osgi.bundle' name='org.eclipse.core.runtime' range='3.12.0'/>
        <required namespace='osgi.bundle' name='org.eclipse.core.resources' range='0.0.0'/>
        <required namespace='osgi.bundle' name='org.eclipse.ui.ide' range='0.0.0'/>
        <required namespace='osgi.bundle' name='org.eclipse.ui.editors' range='0.0.0'/>
        <required namespace='osgi.bundle' name='org.eclipse.jdt.core' range='0.0.0'/>
        <required namespace='osgi.bundle' name='org.eclipse.jdt.ui' range='0.0.0'/>
        <required namespace='osgi.bundle' name='org.eclipse.jface.text' range='0.0.0'/>
        <required namespace='osgi.bundle' name='org.eclipse.jdt.launching' range='0.0.0'/>
        <required namespace='osgi.bundle' name='org.eclipse.jdt' range='0.0.0'/>
        <required namespace='osgi.bundle' name='org.eclipse.team.core' range='0.0.0'/>
        <required namespace='osgi.bundle' name='org.eclipse.compare' range='0.0.0'/>
        <required namespace='osgi.bundle' name='org.eclipse.team.ui' range='0.0.0'/>
        <required namespace='osgi.bundle' name='org.eclipse.ui.navigator' range='0.0.0'/>
        <required namespace='osgi.bundle' name='org.eclipse.ui.navigator.resources' range='0.0.0'/>
        <required namespace='osgi.bundle' name='org.eclipse.pde.core' range='0.0.0' optional='true' greedy='false'/>
        <required namespace='osgi.bundle' name='org.eclipse.pde.build' range='0.0.0' optional='true' greedy='false'/>
        <required namespace='osgi.bundle' name='org.eclipse.core.expressions' range='0.0.0'/>
        <required namespace='osgi.bundle' name='org.eclipse.ui.views.properties.tabbed' range='0.0.0'/>
        <required namespace='osgi.bundle' name='org.eclipse.ui.console' range='0.0.0'/>
        <required namespace='osgi.bundle' name='org.eclipse.core.filesystem' range='0.0.0'/>
        <required namespace='osgi.bundle' name='spotbugs' range='0.0.0' optional='true' greedy='false'/>
        <required namespace='osgi.bundle' name='spotbugs-annotations' range='0.0.0' optional='true' greedy='false'/>
      </requires>
      <artifacts size='1'>
        <artifact classifier='osgi.bundle' id='com.github.spotbugs.plugin.eclipse' version='3.1.11.r201901210915-d4a1331'/>
      </artifacts>
      <touchpoint id='org.eclipse.equinox.p2.osgi' version='1.0.0'/>
      <touchpointData size='1'>
        <instructions size='2'>
          <instruction key='zipped'>
            true
          </instruction>
          <instruction key='manifest'>
            Bundle-SymbolicName: com.github.spotbugs.plugin.eclipse; singleton:=true&#xA;Bundle-Version: 3.1.11.r201901210915-d4a1331&#xA;
          </instruction>
        </instructions>
      </touchpointData>
    </unit>
    <unit id='file:/home/travis/build/spotbugs/spotbugs/eclipsePlugin/build/site/eclipse/site.xml.SpotBugs' version='1.0.0.617KcKfH9L8k735K35753K5C2HBB5995'>
      <properties size='3'>
        <property name='org.eclipse.equinox.p2.name' value='SpotBugs'/>
        <property name='org.eclipse.equinox.p2.description' value='SpotBugs is a program which uses static analysis to look for bugs in Java code.'/>
        <property name='org.eclipse.equinox.p2.type.category' value='true'/>
      </properties>
      <provides size='1'>
        <provided namespace='org.eclipse.equinox.p2.iu' name='file:/home/travis/build/spotbugs/spotbugs/eclipsePlugin/build/site/eclipse/site.xml.SpotBugs' version='1.0.0.617KcKfH9L8k735K35753K5C2HBB5995'/>
      </provides>
      <requires size='1'>
        <required namespace='org.eclipse.equinox.p2.iu' name='com.github.spotbugs.plugin.eclipse.feature.group' range='[3.1.11.r201901210915-d4a1331,3.1.11.r201901210915-d4a1331]'/>
      </requires>
      <touchpoint id='null' version='0.0.0'/>
    </unit>
    <unit id='com.github.spotbugs.plugin.eclipse.feature.jar' version='3.1.11.r201901210915-d4a1331'>
      <properties size='5'>
        <property name='org.eclipse.equinox.p2.name' value='SpotBugs'/>
        <property name='org.eclipse.equinox.p2.description' value='SpotBugs is a program which uses static analysis to look for bugs in Java code, a spiritual successor of FindBugs.'/>
        <property name='org.eclipse.equinox.p2.description.url' value='https://spotbugs.github.io/'/>
        <property name='org.eclipse.equinox.p2.provider' value='SpotBugs Project'/>
        <property name='org.eclipse.update.feature.plugin' value='com.github.spotbugs.plugin.eclipse'/>
      </properties>
      <provides size='3'>
        <provided namespace='org.eclipse.equinox.p2.iu' name='com.github.spotbugs.plugin.eclipse.feature.jar' version='3.1.11.r201901210915-d4a1331'/>
        <provided namespace='org.eclipse.equinox.p2.eclipse.type' name='feature' version='1.0.0'/>
        <provided namespace='org.eclipse.update.feature' name='com.github.spotbugs.plugin.eclipse' version='3.1.11.r201901210915-d4a1331'/>
      </provides>
      <filter>
        (org.eclipse.update.install.features=true)
      </filter>
      <artifacts size='1'>
        <artifact classifier='org.eclipse.update.feature' id='com.github.spotbugs.plugin.eclipse' version='3.1.11.r201901210915-d4a1331'/>
      </artifacts>
      <touchpoint id='org.eclipse.equinox.p2.osgi' version='1.0.0'/>
      <touchpointData size='1'>
        <instructions size='1'>
          <instruction key='zipped'>
            true
          </instruction>
        </instructions>
      </touchpointData>
      <licenses size='1'>
        <license uri='https://opensource.org/licenses/LGPL-2.1' url='https://opensource.org/licenses/LGPL-2.1'>
          SpotBugs is free software distributed under the terms of the Lesser GNU Public License.&#xA;http://www.gnu.org/licenses/lgpl.html
        </license>
      </licenses>
      <copyright>
        (c) 2017, SpotBugs Project&#xA;      (c) 2006-2011, University of Maryland
      </copyright>
    </unit>
    <unit id='com.github.spotbugs.plugin.eclipse.feature.group' version='3.1.11.r201901210915-d4a1331' singleton='false' generation='2'>
      <update match='providedCapabilities.exists(iu | iu.namespace == &apos;org.eclipse.equinox.p2.iu&apos; &amp;&amp; (iu.name == &apos;com.github.spotbugs.plugin.eclipse.feature.group&apos; &amp;&amp; iu.version ~= range(&apos;[0, 3.1.11.r201901210915-d4a1331)&apos;) || iu.name == &apos;edu.umd.cs.findbugs.plugin.eclipse.feature.group&apos; &amp;&amp; iu.version ~= range(&apos;[0, 3.0.3)&apos;)))' severity='0'/>
      <properties size='5'>
        <property name='org.eclipse.equinox.p2.name' value='SpotBugs'/>
        <property name='org.eclipse.equinox.p2.description' value='SpotBugs is a program which uses static analysis to look for bugs in Java code, a spiritual successor of FindBugs.'/>
        <property name='org.eclipse.equinox.p2.description.url' value='https://spotbugs.github.io/'/>
        <property name='org.eclipse.equinox.p2.provider' value='SpotBugs Project'/>
        <property name='org.eclipse.equinox.p2.type.group' value='true'/>
      </properties>
      <provides size='1'>
        <provided namespace='org.eclipse.equinox.p2.iu' name='com.github.spotbugs.plugin.eclipse.feature.group' version='3.1.11.r201901210915-d4a1331'/>
      </provides>
      <requires size='13'>
        <required namespace='org.eclipse.equinox.p2.iu' name='org.eclipse.core.resources' range='0.0.0'/>
        <required namespace='org.eclipse.equinox.p2.iu' name='org.eclipse.core.runtime' range='3.12.0'/>
        <required namespace='org.eclipse.equinox.p2.iu' name='org.eclipse.jdt' range='0.0.0'/>
        <required namespace='org.eclipse.equinox.p2.iu' name='org.eclipse.jdt.core' range='0.0.0'/>
        <required namespace='org.eclipse.equinox.p2.iu' name='org.eclipse.jdt.launching' range='0.0.0'/>
        <required namespace='org.eclipse.equinox.p2.iu' name='org.eclipse.jdt.ui' range='0.0.0'/>
        <required namespace='org.eclipse.equinox.p2.iu' name='org.eclipse.jface.text' range='0.0.0'/>
        <required namespace='org.eclipse.equinox.p2.iu' name='org.eclipse.ui' range='0.0.0'/>
        <required namespace='org.eclipse.equinox.p2.iu' name='org.eclipse.ui.editors' range='0.0.0'/>
        <required namespace='org.eclipse.equinox.p2.iu' name='org.eclipse.ui.ide' range='0.0.0'/>
        <required namespace='org.eclipse.equinox.p2.iu' name='org.eclipse.ui.workbench.texteditor' range='0.0.0'/>
        <required namespace='org.eclipse.equinox.p2.iu' name='com.github.spotbugs.plugin.eclipse' range='[3.1.11.r201901210915-d4a1331,3.1.11.r201901210915-d4a1331]'/>
        <required namespace='org.eclipse.equinox.p2.iu' name='com.github.spotbugs.plugin.eclipse.feature.jar' range='[3.1.11.r201901210915-d4a1331,3.1.11.r201901210915-d4a1331]'>
          <filter>
            (org.eclipse.update.install.features=true)
          </filter>
        </required>
      </requires>
      <touchpoint id='null' version='0.0.0'/>
      <touchpointData size='1'/>
      <licenses size='1'>
        <license uri='https://opensource.org/licenses/LGPL-2.1' url='https://opensource.org/licenses/LGPL-2.1'>
          SpotBugs is free software distributed under the terms of the Lesser GNU Public License.&#xA;http://www.gnu.org/licenses/lgpl.html
        </license>
      </licenses>
      <copyright>
        (c) 2017, SpotBugs Project&#xA;      (c) 2006-2011, University of Maryland
      </copyright>
    </unit>
  </units>
</repository>
