<?xml version="1.0" encoding="UTF-8"?>
<site>

   <description url="https://spotbugs.github.io/eclipse">
      Eclipse update site for SpotBugs.
   </description>

   <feature url="features/com.github.spotbugs.plugin.eclipse_3.1.11.r201901210915-d4a1331.jar"
            id="com.github.spotbugs.plugin.eclipse"
            version="3.1.11.r201901210915-d4a1331">
      <category name="SpotBugs"/>
   </feature>

   <category-def name="SpotBugs" label="SpotBugs">
      <description>
         SpotBugs is a program which uses static analysis to look for bugs in Java code.
      </description>
   </category-def>

</site>
